-- phpMyAdmin SQL Dump
-- version 5.1.0
-- https://www.phpmyadmin.net/
--
-- Host: 127.0.0.1
-- Erstellungszeit: 21. Jun 2021 um 23:10
-- Server-Version: 10.4.18-MariaDB
-- PHP-Version: 8.0.3

SET SQL_MODE = "NO_AUTO_VALUE_ON_ZERO";
START TRANSACTION;
SET time_zone = "+00:00";


/*!40101 SET @OLD_CHARACTER_SET_CLIENT=@@CHARACTER_SET_CLIENT */;
/*!40101 SET @OLD_CHARACTER_SET_RESULTS=@@CHARACTER_SET_RESULTS */;
/*!40101 SET @OLD_COLLATION_CONNECTION=@@COLLATION_CONNECTION */;
/*!40101 SET NAMES utf8mb4 */;

--
-- Datenbank: `php_project_phil`
--

-- --------------------------------------------------------

--
-- Tabellenstruktur für Tabelle `posts`
--

CREATE TABLE `posts` (
  `id` int(11) NOT NULL,
  `user_id` int(11) DEFAULT NULL,
  `title` varchar(255) NOT NULL,
  `slug` varchar(255) NOT NULL,
  `views` int(11) NOT NULL DEFAULT 0,
  `image` varchar(255) NOT NULL,
  `body` text NOT NULL,
  `published` tinyint(1) NOT NULL,
  `created_at` timestamp NOT NULL DEFAULT current_timestamp() ON UPDATE current_timestamp(),
  `updated_at` timestamp NOT NULL DEFAULT '0000-00-00 00:00:00'
) ENGINE=InnoDB DEFAULT CHARSET=latin1;

--
-- Daten für Tabelle `posts`
--

INSERT INTO `posts` (`id`, `user_id`, `title`, `slug`, `views`, `image`, `body`, `published`, `created_at`, `updated_at`) VALUES
(12, 1, 'Allgäu Ein Start einer Reise', 'allg-u-ein-start-einer-reise', 0, 'allgäu.jpg', '&lt;p&gt;&amp;quot;On the other hand, we denounce with righteous indignation and dislike men who are so beguiled and demoralized by the charms of pleasure of the moment, so blinded by desire, that they cannot foresee the pain and trouble that are bound to ensue; and equal blame belongs to those who fail in their duty through weakness of will, which is the same as saying through shrinking from toil and pain. These cases are perfectly simple and easy to distinguish. In a free hour, when our power of choice is untrammelled and when nothing prevents our being able to do what we like best, every pleasure is to be welcomed and every pain avoided. But in certain circumstances and owing to the claims of duty or the obligations of business it will frequently occur that pleasures have to be repudiated and annoyances accepted. The wise man therefore always holds in these matters to this principle of selection: he rejects pleasures to secure other greater pleasures, or else he endures pains to avoid worse pains.&amp;quot;&lt;/p&gt;\r\n\r\n&lt;h3&gt;1914 translation by H. Rackham&lt;/h3&gt;\r\n\r\n&lt;p&gt;&amp;quot;On the other hand, we denounce with righteous indignation and dislike men who are so beguiled and demoralized by the charms of pleasure of the moment, so blinded by desire, that they cannot foresee the pain and trouble that are bound to ensue; and equal blame belongs to those who fail in their duty through weakness of will, which is the same as saying through shrinking from toil and pain. These cases are perfectly simple and easy to distinguish. In a free hour, when our power of choice is untrammelled and when nothing prevents our being able to do what we like best, every pleasure is to be welcomed and every pain avoided. But in certain circumstances and owing to the claims of duty or the obligations of business it will frequently occur that pleasures have to be repudiated and annoyances accepted. The wise man therefore always holds in these matters to this principle of selection: he rejects pleasures to secure other greater pleasures, or else he endures pains to avoid worse pains.&amp;quot;&lt;/p&gt;\r\n', 0, '2021-06-21 16:02:07', '2021-06-20 19:39:02'),
(13, 1, 'Berlin City Life', 'berlin-city-life', 0, 'berlin.jpg', '&lt;p&gt;&amp;quot;On the other hand, we denounce with righteous indignation and dislike men who are so beguiled and demoralized by the charms of pleasure of the moment, so blinded by desire, that they cannot foresee the pain and trouble that are bound to ensue; and equal blame belongs to those who fail in their duty through weakness of will, which is the same as saying through shrinking from toil and pain. These cases are perfectly simple and easy to distinguish. In a free hour, when our power of choice is untrammelled and when nothing prevents our being able to do what we like best, every pleasure is to be welcomed and every pain avoided. But in certain circumstances and owing to the claims of duty or the obligations of business it will frequently occur that pleasures have to be repudiated and annoyances accepted. The wise man therefore always holds in these matters to this principle of selection: he rejects pleasures to secure other greater pleasures, or else he endures pains to avoid worse pains.&amp;quot;&lt;/p&gt;\r\n\r\n&lt;h3&gt;1914 translation by H. Rackham&lt;/h3&gt;\r\n\r\n&lt;p&gt;&amp;quot;On the other hand, we denounce with righteous indignation and dislike men who are so beguiled and demoralized by the charms of pleasure of the moment, so blinded by desire, that they cannot foresee the pain and trouble that are bound to ensue; and equal blame belongs to those who fail in their duty through weakness of will, which is the same as saying through shrinking from toil and pain. These cases are perfectly simple and easy to distinguish. In a free hour, when our power of choice is untrammelled and when nothing prevents our being able to do what we like best, every pleasure is to be welcomed and every pain avoided. But in certain circumstances and owing to the claims of duty or the obligations of business it will frequently occur that pleasures have to be repudiated and annoyances accepted. The wise man therefore always holds in these matters to this principle of selection: he rejects pleasures to secure other greater pleasures, or else he endures pains to avoid worse pains.&amp;quot;&lt;/p&gt;\r\n', 1, '2021-06-20 19:39:41', '2021-06-20 19:39:41'),
(14, 1, 'Rome', 'rome', 0, 'rom.jpg', '&lt;p&gt;&amp;quot;On the other hand, we denounce with righteous indignation and dislike men who are so beguiled and demoralized by the charms of pleasure of the moment, so blinded by desire, that they cannot foresee the pain and trouble that are bound to ensue; and equal blame belongs to those who fail in their duty through weakness of will, which is the same as saying through shrinking from toil and pain. These cases are perfectly simple and easy to distinguish. In a free hour, when our power of choice is untrammelled and when nothing prevents our being able to do what we like best, every pleasure is to be welcomed and every pain avoided. But in certain circumstances and owing to the claims of duty or the obligations of business it will frequently occur that pleasures have to be repudiated and annoyances accepted. The wise man therefore always holds in these matters to this principle of selection: he rejects pleasures to secure other greater pleasures, or else he endures pains to avoid worse pains.&amp;quot;&lt;/p&gt;\r\n\r\n&lt;h3&gt;1914 translation by H. Rackham&lt;/h3&gt;\r\n\r\n&lt;p&gt;&amp;quot;On the other hand, we denounce with righteous indignation and dislike men who are so beguiled and demoralized by the charms of pleasure of the moment, so blinded by desire, that they cannot foresee the pain and trouble that are bound to ensue; and equal blame belongs to those who fail in their duty through weakness of will, which is the same as saying through shrinking from toil and pain. These cases are perfectly simple and easy to distinguish. In a free hour, when our power of choice is untrammelled and when nothing prevents our being able to do what we like best, every pleasure is to be welcomed and every pain avoided. But in certain circumstances and owing to the claims of duty or the obligations of business it will frequently occur that pleasures have to be repudiated and annoyances accepted. The wise man therefore always holds in these matters to this principle of selection: he rejects pleasures to secure other greater pleasures, or else he endures pains to avoid worse pains.&amp;quot;&lt;/p&gt;\r\n', 1, '2021-06-20 19:40:04', '2021-06-20 19:40:04'),
(15, 1, 'Paris', 'paris', 0, 'paris.jpg', '&lt;p&gt;&amp;quot;On the other hand, we denounce with righteous indignation and dislike men who are so beguiled and demoralized by the charms of pleasure of the moment, so blinded by desire, that they cannot foresee the pain and trouble that are bound to ensue; and equal blame belongs to those who fail in their duty through weakness of will, which is the same as saying through shrinking from toil and pain. These cases are perfectly simple and easy to distinguish. In a free hour, when our power of choice is untrammelled and when nothing prevents our being able to do what we like best, every pleasure is to be welcomed and every pain avoided. But in certain circumstances and owing to the claims of duty or the obligations of business it will frequently occur that pleasures have to be repudiated and annoyances accepted. The wise man therefore always holds in these matters to this principle of selection: he rejects pleasures to secure other greater pleasures, or else he endures pains to avoid worse pains.&amp;quot;&lt;/p&gt;\r\n\r\n&lt;h3&gt;1914 translation by H. Rackham&lt;/h3&gt;\r\n\r\n&lt;p&gt;&amp;quot;On the other hand, we denounce with righteous indignation and dislike men who are so beguiled and demoralized by the charms of pleasure of the moment, so blinded by desire, that they cannot foresee the pain and trouble that are bound to ensue; and equal blame belongs to those who fail in their duty through weakness of will, which is the same as saying through shrinking from toil and pain. These cases are perfectly simple and easy to distinguish. In a free hour, when our power of choice is untrammelled and when nothing prevents our being able to do what we like best, every pleasure is to be welcomed and every pain avoided. But in certain circumstances and owing to the claims of duty or the obligations of business it will frequently occur that pleasures have to be repudiated and annoyances accepted. The wise man therefore always holds in these matters to this principle of selection: he rejects pleasures to secure other greater pleasures, or else he endures pains to avoid worse pains.&amp;quot;&lt;/p&gt;\r\n', 1, '2021-06-20 19:40:31', '2021-06-20 19:40:31'),
(16, 1, 'Barcelona', 'barcelona', 0, 'barcelona.jpg', '&lt;p&gt;&amp;quot;On the other hand, we denounce with righteous indignation and dislike men who are so beguiled and demoralized by the charms of pleasure of the moment, so blinded by desire, that they cannot foresee the pain and trouble that are bound to ensue; and equal blame belongs to those who fail in their duty through weakness of will, which is the same as saying through shrinking from toil and pain. These cases are perfectly simple and easy to distinguish. In a free hour, when our power of choice is untrammelled and when nothing prevents our being able to do what we like best, every pleasure is to be welcomed and every pain avoided. But in certain circumstances and owing to the claims of duty or the obligations of business it will frequently occur that pleasures have to be repudiated and annoyances accepted. The wise man therefore always holds in these matters to this principle of selection: he rejects pleasures to secure other greater pleasures, or else he endures pains to avoid worse pains.&amp;quot;&lt;/p&gt;\r\n\r\n&lt;h3&gt;1914 translation by H. Rackham&lt;/h3&gt;\r\n\r\n&lt;p&gt;&amp;quot;On the other hand, we denounce with righteous indignation and dislike men who are so beguiled and demoralized by the charms of pleasure of the moment, so blinded by desire, that they cannot foresee the pain and trouble that are bound to ensue; and equal blame belongs to those who fail in their duty through weakness of will, which is the same as saying through shrinking from toil and pain. These cases are perfectly simple and easy to distinguish. In a free hour, when our power of choice is untrammelled and when nothing prevents our being able to do what we like best, every pleasure is to be welcomed and every pain avoided. But in certain circumstances and owing to the claims of duty or the obligations of business it will frequently occur that pleasures have to be repudiated and annoyances accepted. The wise man therefore always holds in these matters to this principle of selection: he rejects pleasures to secure other greater pleasures, or else he endures pains to avoid worse pains.&amp;quot;&lt;/p&gt;\r\n', 1, '2021-06-20 19:41:11', '2021-06-20 19:41:11'),
(17, 1, 'Madrid', 'madrid', 0, 'madrid.jpeg', '&lt;p&gt;&amp;quot;On the other hand, we denounce with righteous indignation and dislike men who are so beguiled and demoralized by the charms of pleasure of the moment, so blinded by desire, that they cannot foresee the pain and trouble that are bound to ensue; and equal blame belongs to those who fail in their duty through weakness of will, which is the same as saying through shrinking from toil and pain. These cases are perfectly simple and easy to distinguish. In a free hour, when our power of choice is untrammelled and when nothing prevents our being able to do what we like best, every pleasure is to be welcomed and every pain avoided. But in certain circumstances and owing to the claims of duty or the obligations of business it will frequently occur that pleasures have to be repudiated and annoyances accepted. The wise man therefore always holds in these matters to this principle of selection: he rejects pleasures to secure other greater pleasures, or else he endures pains to avoid worse pains.&amp;quot;&lt;/p&gt;\r\n\r\n&lt;h3&gt;1914 translation by H. Rackham&lt;/h3&gt;\r\n\r\n&lt;p&gt;&amp;quot;On the other hand, we denounce with righteous indignation and dislike men who are so beguiled and demoralized by the charms of pleasure of the moment, so blinded by desire, that they cannot foresee the pain and trouble that are bound to ensue; and equal blame belongs to those who fail in their duty through weakness of will, which is the same as saying through shrinking from toil and pain. These cases are perfectly simple and easy to distinguish. In a free hour, when our power of choice is untrammelled and when nothing prevents our being able to do what we like best, every pleasure is to be welcomed and every pain avoided. But in certain circumstances and owing to the claims of duty or the obligations of business it will frequently occur that pleasures have to be repudiated and annoyances accepted. The wise man therefore always holds in these matters to this principle of selection: he rejects pleasures to secure other greater pleasures, or else he endures pains to avoid worse pains.&amp;quot;&lt;/p&gt;\r\n', 1, '2021-06-20 19:46:47', '2021-06-20 19:44:56');

-- --------------------------------------------------------

--
-- Tabellenstruktur für Tabelle `post_topic`
--

CREATE TABLE `post_topic` (
  `id` int(11) NOT NULL,
  `post_id` int(11) NOT NULL,
  `topic_id` int(11) NOT NULL
) ENGINE=InnoDB DEFAULT CHARSET=utf8mb4;

--
-- Daten für Tabelle `post_topic`
--

INSERT INTO `post_topic` (`id`, `post_id`, `topic_id`) VALUES
(0, 12, 5),
(0, 13, 5),
(0, 14, 6),
(0, 15, 7),
(0, 16, 8),
(0, 17, 8);

-- --------------------------------------------------------

--
-- Tabellenstruktur für Tabelle `topics`
--

CREATE TABLE `topics` (
  `id` int(11) NOT NULL,
  `name` varchar(255) NOT NULL,
  `slug` varchar(255) NOT NULL
) ENGINE=InnoDB DEFAULT CHARSET=utf8mb4;

--
-- Daten für Tabelle `topics`
--

INSERT INTO `topics` (`id`, `name`, `slug`) VALUES
(5, 'Germany', 'germany'),
(6, 'Italia', 'italia'),
(7, 'France', 'france'),
(8, 'Spain', 'spain'),
(9, 'Östereich', '-stereich');

-- --------------------------------------------------------

--
-- Tabellenstruktur für Tabelle `users`
--

CREATE TABLE `users` (
  `id` int(11) NOT NULL,
  `username` varchar(255) NOT NULL,
  `email` varchar(255) NOT NULL,
  `role` enum('Author','Admin') DEFAULT NULL,
  `password` varchar(255) NOT NULL,
  `created_at` timestamp NULL DEFAULT current_timestamp(),
  `updated_at` timestamp NULL DEFAULT NULL
) ENGINE=InnoDB DEFAULT CHARSET=latin1;

--
-- Daten für Tabelle `users`
--

INSERT INTO `users` (`id`, `username`, `email`, `role`, `password`, `created_at`, `updated_at`) VALUES
(1, 'admin', 'phil.koch@gmx.ch', 'Admin', '$2y$10$20IiJblrfdvoSmFIDZ2dQe1EEp11NzgY1LroYiaCRzrIoYUEK7vZq', '2021-06-10 10:52:58', '2021-06-11 10:52:58'),
(3, 'author', 'author@blog.ch', 'Author', '$2y$10$CKbLrONqeNg4c5p9/TmQguu7BQuF5FKiUp3EqJekZB0NfIcMhzcGO', '2021-06-19 12:15:21', '2021-06-19 12:15:21');

--
-- Indizes der exportierten Tabellen
--

--
-- Indizes für die Tabelle `posts`
--
ALTER TABLE `posts`
  ADD PRIMARY KEY (`id`),
  ADD UNIQUE KEY `slug` (`slug`),
  ADD KEY `user_id` (`user_id`);

--
-- Indizes für die Tabelle `post_topic`
--
ALTER TABLE `post_topic`
  ADD UNIQUE KEY `post_id` (`post_id`),
  ADD KEY `post_topic_ibfk_2` (`topic_id`);

--
-- Indizes für die Tabelle `topics`
--
ALTER TABLE `topics`
  ADD PRIMARY KEY (`id`),
  ADD UNIQUE KEY `slug` (`slug`);

--
-- Indizes für die Tabelle `users`
--
ALTER TABLE `users`
  ADD PRIMARY KEY (`id`);

--
-- AUTO_INCREMENT für exportierte Tabellen
--

--
-- AUTO_INCREMENT für Tabelle `posts`
--
ALTER TABLE `posts`
  MODIFY `id` int(11) NOT NULL AUTO_INCREMENT, AUTO_INCREMENT=18;

--
-- AUTO_INCREMENT für Tabelle `topics`
--
ALTER TABLE `topics`
  MODIFY `id` int(11) NOT NULL AUTO_INCREMENT, AUTO_INCREMENT=10;

--
-- AUTO_INCREMENT für Tabelle `users`
--
ALTER TABLE `users`
  MODIFY `id` int(11) NOT NULL AUTO_INCREMENT, AUTO_INCREMENT=4;

--
-- Constraints der exportierten Tabellen
--

--
-- Constraints der Tabelle `posts`
--
ALTER TABLE `posts`
  ADD CONSTRAINT `posts_ibfk_1` FOREIGN KEY (`user_id`) REFERENCES `users` (`id`) ON DELETE NO ACTION ON UPDATE NO ACTION;

--
-- Constraints der Tabelle `post_topic`
--
ALTER TABLE `post_topic`
  ADD CONSTRAINT `post_topic_ibfk_1` FOREIGN KEY (`post_id`) REFERENCES `posts` (`id`) ON DELETE CASCADE ON UPDATE NO ACTION,
  ADD CONSTRAINT `post_topic_ibfk_2` FOREIGN KEY (`topic_id`) REFERENCES `topics` (`id`) ON DELETE CASCADE ON UPDATE NO ACTION;
COMMIT;

/*!40101 SET CHARACTER_SET_CLIENT=@OLD_CHARACTER_SET_CLIENT */;
/*!40101 SET CHARACTER_SET_RESULTS=@OLD_CHARACTER_SET_RESULTS */;
/*!40101 SET COLLATION_CONNECTION=@OLD_COLLATION_CONNECTION */;
